{"count":1,"self":4245.3659648,"total":10984.486881499999,"children":{"AgentSendState":{"count":1360434,"self":58.873235199999996,"total":1314.9305388,"children":{"CollectObservations":{"count":1360434,"self":5.7835956,"total":5.7835956,"children":null},"CollectDiscreteActionMasks":{"count":1360434,"self":10.6909152,"total":10.6909149,"children":null},"AgentInfo.ToProto":{"count":1360434,"self":20.961729599999998,"total":1239.5827961,"children":{"GenerateSensorData":{"count":1360434,"self":30.622671999999998,"total":1218.6210658999998,"children":{"RenderTextureSensor.GetCompressedObservation":{"count":1360434,"self":1187.9984127999999,"total":1187.9983952999999,"children":null}}}}}}},"DecideAction":{"count":1360434,"self":5402.3839744,"total":5402.3841158999994,"children":null},"AgentAct":{"count":1360434,"self":18.790836799999997,"total":18.790836799999997,"children":null},"AgentInfo.ToProto":{"count":3719,"self":0.0757361,"total":3.0142808,"children":{"GenerateSensorData":{"count":3719,"self":0.0805434,"total":2.9385447,"children":{"RenderTextureSensor.GetCompressedObservation":{"count":3719,"self":2.8580012,"total":2.8580012999999997,"children":null}}}}}},"gauges":{"MLAIPlayer.CumulativeReward":{"count":3719,"max":-0.06999999,"min":-0.49,"runningAverage":-0.399188,"value":-0.07999998,"weightedAverage":-0.266947955}},"metadata":{"timer_format_version":"0.1.0","start_time_seconds":"1589991451","unity_version":"2019.3.13f1","command_line_arguments":"E:\\Softwares\\Unity\\Editors\\2019.3.13f1\\Editor\\Unity.exe -projectpath E:\/Projects\/Bomberman-AI\/Bomberman -useHub -hubIPC -cloudEnvironment production -hubSessionId 1ffba970-9a71-11ea-a896-75d710191a55 -accessToken yL742SytBIZEGjGKgytVMOpNDhgTQSyR5GaeoNzlOHY008f","communication_protocol_version":"1.0.0","com.unity.ml-agents_version":"1.0.0-preview","scene_name":"GameScene","end_time_seconds":"1590002435"}}