{
    "name": "root",
    "gauges": {
        "BombermanAI_MLAIPlayer.Policy.Entropy.mean": {
            "value": 0.7767435908317566,
            "min": 0.5783126354217529,
            "max": 1.048180341720581,
            "count": 68
        },
        "BombermanAI_MLAIPlayer.Policy.ExtrinsicValueEstimate.mean": {
            "value": -0.014640172943472862,
            "min": -0.01947345770895481,
            "max": -0.00010479072807356715,
            "count": 68
        },
        "BombermanAI_MLAIPlayer.Environment.EpisodeLength.mean": {
            "value": 350.7543859649123,
            "min": 348.7368421052632,
            "max": 15782.0,
            "count": 68
        },
        "BombermanAI_MLAIPlayer.Environment.CumulativeReward.mean": {
            "value": -0.42333333596195044,
            "min": -0.4900000002235174,
            "max": -0.3877192987619262,
            "count": 68
        },
        "BombermanAI_MLAIPlayer.Policy.ExtrinsicReward.mean": {
            "value": -0.42333333596195044,
            "min": -0.4900000002235174,
            "max": -0.3877192987619262,
            "count": 68
        },
        "BombermanAI_MLAIPlayer.Losses.ValueLoss.mean": {
            "value": 0.0012223930098116398,
            "min": 2.0934052372467704e-05,
            "max": 0.0016262230928987265,
            "count": 68
        },
        "BombermanAI_MLAIPlayer.Losses.PolicyLoss.mean": {
            "value": 0.13268153369426727,
            "min": 0.12220145761966705,
            "max": 0.13585717976093292,
            "count": 68
        },
        "BombermanAI_MLAIPlayer.Policy.LearningRate.mean": {
            "value": 0.00021900211868342012,
            "min": 0.00021900211868342012,
            "max": 0.0002993996604345739,
            "count": 68
        },
        "BombermanAI_MLAIPlayer.IsTraining.mean": {
            "value": 1.0,
            "min": 1.0,
            "max": 1.0,
            "count": 68
        }
    },
    "metadata": {
        "timer_format_version": "0.1.0",
        "start_time_seconds": "1589991441",
        "python_version": "3.7.7 (tags/v3.7.7:d7c567b08f, Mar 10 2020, 10:41:24) [MSC v.1900 64 bit (AMD64)]",
        "command_line_arguments": "C:\\Users\\Noxalus\\AppData\\Local\\Programs\\Python\\Python37\\Scripts\\mlagents-learn trainer_config.yaml --run-id=BombermanAI --force",
        "mlagents_version": "0.16.0",
        "mlagents_envs_version": "0.16.0",
        "communication_protocol_version": "1.0.0",
        "tensorflow_version": "2.2.0",
        "end_time_seconds": "1590002435"
    },
    "total": 10994.874547500001,
    "count": 1,
    "self": 0.0026571000016701873,
    "children": {
        "run_training.setup": {
            "total": 0.004259299999999966,
            "count": 1,
            "self": 0.004259299999999966
        },
        "TrainerController.start_learning": {
            "total": 10994.8676311,
            "count": 1,
            "self": 385.8206924995411,
            "children": {
                "TrainerController._reset_env": {
                    "total": 10.5503716,
                    "count": 1,
                    "self": 10.5503716
                },
                "TrainerController.advance": {
                    "total": 10592.881366800457,
                    "count": 1360417,
                    "self": 14.978752800709117,
                    "children": {
                        "env_step": {
                            "total": 10577.902613999748,
                            "count": 1360417,
                            "self": 9295.029375598893,
                            "children": {
                                "SubprocessEnvManager._take_step": {
                                    "total": 1261.2280724998523,
                                    "count": 1360417,
                                    "self": 37.45845429933843,
                                    "children": {
                                        "NNPolicy.evaluate": {
                                            "total": 1223.7696182005138,
                                            "count": 1360417,
                                            "self": 1223.7696182005138
                                        }
                                    }
                                },
                                "workers": {
                                    "total": 21.645165901002578,
                                    "count": 1360416,
                                    "self": 0.0,
                                    "children": {
                                        "worker_root": {
                                            "total": 10942.037265599636,
                                            "count": 1360416,
                                            "is_parallel": true,
                                            "self": 3123.5484665994554,
                                            "children": {
                                                "steps_from_proto": {
                                                    "total": 0.007203099999999907,
                                                    "count": 1,
                                                    "is_parallel": true,
                                                    "self": 0.00024419999999913955,
                                                    "children": {
                                                        "_process_visual_observation": {
                                                            "total": 0.006958900000000767,
                                                            "count": 2,
                                                            "is_parallel": true,
                                                            "self": 2.8600000002043657e-05,
                                                            "children": {
                                                                "observation_to_np_array": {
                                                                    "total": 0.006930299999998724,
                                                                    "count": 1,
                                                                    "is_parallel": true,
                                                                    "self": 0.00011459999999985371,
                                                                    "children": {
                                                                        "process_pixels": {
                                                                            "total": 0.00681569999999887,
                                                                            "count": 1,
                                                                            "is_parallel": true,
                                                                            "self": 0.00011419999999873198,
                                                                            "children": {
                                                                                "image_decompress": {
                                                                                    "total": 0.006701500000000138,
                                                                                    "count": 1,
                                                                                    "is_parallel": true,